<?xml version="1.0" encoding="UTF-8"?>
<mesh>
    <sharedgeometry vertexcount="24">
        <vertexbuffer positions="true" texture_coords="1" normals="true" colours_diffuse="False">
            <vertex>
                <position z="-1.000000" x="1.000000" y="-1.000000"/>
                <normal z="-0.000000" x="0.000000" y="-1.000000"/>
                <texcoord v="0.624589" u="0.499459"/>
            </vertex>
            <vertex>
                <position z="1.000000" x="1.000000" y="-1.000000"/>
                <normal z="-0.000000" x="0.000000" y="-1.000000"/>
                <texcoord v="0.874218" u="0.499459"/>
            </vertex>
            <vertex>
                <position z="1.000000" x="-1.000000" y="-1.000000"/>
                <normal z="-0.000000" x="0.000000" y="-1.000000"/>
                <texcoord v="0.874218" u="0.249831"/>
            </vertex>
            <vertex>
                <position z="-1.000000" x="-1.000000" y="-1.000000"/>
                <normal z="-0.000000" x="0.000000" y="-1.000000"/>
                <texcoord v="0.624589" u="0.249831"/>
            </vertex>
            <vertex>
                <position z="-0.999999" x="1.000000" y="1.000000"/>
                <normal z="0.000000" x="0.000000" y="1.000000"/>
                <texcoord v="0.374977" u="0.500132"/>
            </vertex>
            <vertex>
                <position z="-1.000000" x="-1.000000" y="1.000000"/>
                <normal z="0.000000" x="0.000000" y="1.000000"/>
                <texcoord v="0.374977" u="0.248685"/>
            </vertex>
            <vertex>
                <position z="1.000000" x="-1.000000" y="1.000000"/>
                <normal z="0.000000" x="0.000000" y="1.000000"/>
                <texcoord v="0.126598" u="0.248685"/>
            </vertex>
            <vertex>
                <position z="1.000001" x="0.999999" y="1.000000"/>
                <normal z="0.000000" x="0.000000" y="1.000000"/>
                <texcoord v="0.126598" u="0.500132"/>
            </vertex>
            <vertex>
                <position z="-1.000000" x="1.000000" y="-1.000000"/>
                <normal z="0.000000" x="1.000000" y="0.000000"/>
                <texcoord v="0.623989" u="0.748694"/>
            </vertex>
            <vertex>
                <position z="-0.999999" x="1.000000" y="1.000000"/>
                <normal z="0.000000" x="1.000000" y="0.000000"/>
                <texcoord v="0.376206" u="0.748694"/>
            </vertex>
            <vertex>
                <position z="1.000001" x="0.999999" y="1.000000"/>
                <normal z="0.000000" x="1.000000" y="0.000000"/>
                <texcoord v="0.376206" u="0.500911"/>
            </vertex>
            <vertex>
                <position z="1.000000" x="1.000000" y="-1.000000"/>
                <normal z="0.000000" x="1.000000" y="0.000000"/>
                <texcoord v="0.623989" u="0.500911"/>
            </vertex>
            <vertex>
                <position z="1.000000" x="1.000000" y="-1.000000"/>
                <normal z="1.000000" x="-0.000000" y="-0.000000"/>
                <texcoord v="0.624925" u="0.501380"/>
            </vertex>
            <vertex>
                <position z="1.000001" x="0.999999" y="1.000000"/>
                <normal z="1.000000" x="-0.000000" y="-0.000000"/>
                <texcoord v="0.373614" u="0.501380"/>
            </vertex>
            <vertex>
                <position z="1.000000" x="-1.000000" y="1.000000"/>
                <normal z="1.000000" x="-0.000000" y="-0.000000"/>
                <texcoord v="0.373614" u="0.250068"/>
            </vertex>
            <vertex>
                <position z="1.000000" x="-1.000000" y="-1.000000"/>
                <normal z="1.000000" x="-0.000000" y="-0.000000"/>
                <texcoord v="0.624925" u="0.250068"/>
            </vertex>
            <vertex>
                <position z="1.000000" x="-1.000000" y="-1.000000"/>
                <normal z="-0.000000" x="-1.000000" y="-0.000000"/>
                <texcoord v="0.623492" u="-0.001250"/>
            </vertex>
            <vertex>
                <position z="1.000000" x="-1.000000" y="1.000000"/>
                <normal z="-0.000000" x="-1.000000" y="-0.000000"/>
                <texcoord v="0.372835" u="-0.001250"/>
            </vertex>
            <vertex>
                <position z="-1.000000" x="-1.000000" y="1.000000"/>
                <normal z="-0.000000" x="-1.000000" y="-0.000000"/>
                <texcoord v="0.372835" u="0.249407"/>
            </vertex>
            <vertex>
                <position z="-1.000000" x="-1.000000" y="-1.000000"/>
                <normal z="-0.000000" x="-1.000000" y="-0.000000"/>
                <texcoord v="0.623492" u="0.249407"/>
            </vertex>
            <vertex>
                <position z="-0.999999" x="1.000000" y="1.000000"/>
                <normal z="-1.000000" x="0.000000" y="0.000000"/>
                <texcoord v="0.373479" u="1.002120"/>
            </vertex>
            <vertex>
                <position z="-1.000000" x="1.000000" y="-1.000000"/>
                <normal z="-1.000000" x="0.000000" y="0.000000"/>
                <texcoord v="0.625607" u="1.002120"/>
            </vertex>
            <vertex>
                <position z="-1.000000" x="-1.000000" y="-1.000000"/>
                <normal z="-1.000000" x="0.000000" y="0.000000"/>
                <texcoord v="0.625607" u="0.749992"/>
            </vertex>
            <vertex>
                <position z="-1.000000" x="-1.000000" y="1.000000"/>
                <normal z="-1.000000" x="0.000000" y="0.000000"/>
                <texcoord v="0.373479" u="0.749992"/>
            </vertex>
        </vertexbuffer>
    </sharedgeometry>
    <submeshes>
        <submesh usesharedvertices="true" use32bitindexes="False" material="Material" operationtype="triangle_list">
            <faces count="12">
                <face v3="2" v2="1" v1="0"/>
                <face v3="3" v2="2" v1="0"/>
                <face v3="6" v2="5" v1="4"/>
                <face v3="7" v2="6" v1="4"/>
                <face v3="10" v2="9" v1="8"/>
                <face v3="11" v2="10" v1="8"/>
                <face v3="14" v2="13" v1="12"/>
                <face v3="15" v2="14" v1="12"/>
                <face v3="18" v2="17" v1="16"/>
                <face v3="19" v2="18" v1="16"/>
                <face v3="22" v2="21" v1="20"/>
                <face v3="23" v2="22" v1="20"/>
            </faces>
        </submesh>
    </submeshes>
    <submeshnames>
        <submesh name="Material" index="0">
        </submesh>
    </submeshnames>
</mesh>